ID,TITLE,LOCATION,SALARY,SUMMARY
https://kr.indeed.com/viewjob?jk=adfabdc55940347c,"Python 신입/경력 정규직, 계약직",서울 강서구,,인터넷·IT·통신·모바일·게임>응용프로그래머> Python
https://kr.indeed.com/viewjob?jk=9b0a4fe4f3f044ad,전장부품사업부 신입(석사)/경력사원,서울 마곡역,,"컴퓨터/소프트웨어공학 전공자 (신입은 석사, 경력은 학사 이상 학위 소지자) - C/C++/MFC, Python, Matlab 프로그램 가능자 - 영상/신호처리/ISP개발 유경험자 - Business 영어회화 가능자..."
https://kr.indeed.com/viewjob?jk=efec71e8e5ec12ce,"연구, 연구관리 신입/경력 계약직",서울 노원구,"연봉 40,000,000원 - 50,000,000원",인터넷·IT·통신·모바일·게임>응용프로그래머>머신러닝(ML)|인터넷·IT·통신·모바일·게임>응용프로그래머> Python|인터넷·IT·통신·모바일·게임>응용프로그래머>증강현실(AR)|인터넷·IT·통신·모바일·게임>응용프로그래머...
https://kr.indeed.com/viewjob?jk=dad6c53a2348acc5,연구소 개발부문 연구원 직원 (회로설계/하드웨어설계/머신비전/이미지프로세...,경기도 광명,"연봉 42,000,000원 - 46,000,000원","프로그래밍 가능자 우대S/W 설계 부문 : - OPEN CV, TENSORFLOW, YOLO, CUDA/ Python, C++, C WindowsGUL APL, MFC Lib 활용 가능자. 머신비전/ 영상처리 개발자* 전기..."
https://kr.indeed.com/viewjob?jk=b10bbd24034a5590,광학솔루션사업부 R&D 신입 석/박사 및 경력사원,경기도 안산,,"light Illumination microscopy - 프로그래밍 언어 사용 가능자 (Matlab, Python) [학력] - 박사 이상, 응용물리학 전공자 [모집 구분] - 신입 석/박사, 경력 [모집 분야] - 카메라모..."
https://kr.indeed.com/viewjob?jk=161101bb76cb7f2d,(전원인턴연계/전액무료) 정보보호산업 맞춤형 인재 양성과정 교육생,서울,,로그래머>백엔드|인터넷·IT·통신·모바일·게임>웹프로그래머>프론트엔드|인터넷·IT·통신·모바일·게임>웹프로그래머> Python|인터넷·IT·통신·모바일·게임>웹프로그래머>ASP.NET|인터넷·IT·통신·모바일·게임>웹프로그래머...
https://kr.indeed.com/viewjob?jk=f39f8695610d4d2f,Virtual Robotics Simulation Engineer,서울 서초구,,"C/C++, Software Design, Debugging Skills - 스크립트 언어 개발 경험 ( Python, Bash, etc) 3. 우대사항 - ROS2 환경 개발 경험 - Unreal Engine, Unity..."
https://kr.indeed.com/viewjob?jk=ce71ff104d7e911f,"[대기업] 딥러닝(AI) 영상분석(영상인식, 얼굴인식)",서울,,공지능)>딥러닝|인터넷·IT·통신·모바일·게임>빅데이터·AI(인공지능)> Python|인터넷·IT·통신·모바일·게임>빅데이터·AI(인공지능)>데이터분석... 통신·모바일·게임>응용프로그래머> Python|인터넷·IT·통신·모바일·게임...
https://kr.indeed.com/viewjob?jk=a8c28da1e361cf2c,"사회조사분석, 소셜미디어 컨설턴트 외 신입/경력 정규직, 계약직, 인턴...",대한민국,,백엔드|인터넷·IT·통신·모바일·게임>웹프로그래머>프론트엔드|인터넷·IT·통신·모바일·게임>웹프로그래머> Python|인터넷·IT·통신·모바일·게임>웹프로그래머>JAVA|인터넷·IT·통신·모바일·게임>응용프로그래머>혼합현실...
https://kr.indeed.com/viewjob?jk=14d562d10c215572,"PHP, Python 신입/경력 정규직",서울 금천구,,"주식회사 비즈부스터 PHP, Python 개발자 채용 모집부문 및 자격요건 담당업무 자격요건 인원 [담당업무]*당사의 서비스(비즈탑) 솔루션 및 서비... 프로그래머>PHP |인터넷·IT·통신·모바일·게임>웹프로그래머> Python"
https://kr.indeed.com/viewjob?jk=a79702e8ca6af794,금융 AI 기술 연구 개발자 모집,성남 판교역,,"및 연구/문제 해결 능력 - Python 언어에 능숙하신 분 2. 해당직... Recognition, Data/Text Mining 경험 보유 - Python, SQL 활용 우대사항 - AI 관련 전공자 - 금융 도메인에 대한..."
https://kr.indeed.com/viewjob?jk=5dbb6f2e6801272f,데이터 분석 및 지표 개발인력 모집,성남 판교역,,"험이 많고, 게임 시스템에 대한 이해가 높으며 서비스 런칭 경험이 있으신 분 - 데이터 분석을 위한 통계툴( Python / R / SAS / SPSS 등) 활용 가능 - 빅데이터 플랫폼(Hadoop / Hive / Spark..."
https://kr.indeed.com/viewjob?jk=e300886f29c7181e,빅데이터 서비스개발을 위한 데이터엔지니어 모집,성남 판교역,,파일 구조 지식 보유자 우대사항 - Hadoop 및 Hive 관련 개발 경험 및 지식 보유자 우대 - Python 및 SQL 기반 데이터 분석 가능자 우대 - 데이터 관련 서비스 개발 경험 제출서류 경력기술서(필수) 전형단...
https://kr.indeed.com/viewjob?jk=06d133676285b02e,보안 분야,성남 판교역,,"계층별/영역별 취약점에 대한 충분한 이해 - CVE 보안취약점 분석 및 대응 역량 - C, Java, Python 등을 통한 업무 자동화 및 분석도구 개발 경험 - 리버스 엔지니어링에 능숙하거나 다수의 버그바운티 참여..."
https://kr.indeed.com/viewjob?jk=de8dda97b31b027d,Deep Learning Engineer Intern,서울,,optimization strategies Programming skills with Python/C++ Experience working with one or more deep learning frameworks...
https://kr.indeed.com/viewjob?jk=78c8907f49ae8c52,Data Scientist 경력인재 - 글로벌 우량대기업,서울,,모바일·게임>빅데이터·AI(인공지능)>데이터분석|인터넷·IT·통신·모바일·게임>빅데이터·AI(인공지능)> Python|인터넷·IT·통신·모바일·게임>빅데이터·AI(인공지능)>데이터시각화디자이너|인터넷·IT·통신·모바일·게임...
https://kr.indeed.com/viewjob?jk=dfb20fa220f3c478,"빅데이터, 인공지능(AI) 외 신입/경력 인턴",대한민국,,인공지능)>인공지능(AI)|인터넷·IT·통신·모바일·게임>빅데이터·AI(인공지능)>데이터분석|인터넷·IT·통신·모바일·게임>빅데이터·AI(인공지능)> Python|인터넷·IT·통신·모바일·게임>빅데이터·AI(인공지능)>딥러닝
https://kr.indeed.com/viewjob?jk=11e1d4d95297c9f7,한림대학교성심병원 빅데이터센터 경력직 채용공고,대한민국,,"가. 관련업무 학사 이상 학위 취득자(대졸 이상 4년) 나. NoSQL, Oracle, Sybase, R, Python 가능자 우대 다. Common Data Model 경험자 우대 라. 서버관리/정보보안, 텍스트마이닝 경험..."
https://kr.indeed.com/viewjob?jk=abbb8df34c660e0a,"빅데이터, (AI)인공지능 외 신입/경력 인턴 (정규직전환)",서울 금천구,,인공지능)>인공지능(AI)|인터넷·IT·통신·모바일·게임>빅데이터·AI(인공지능)>데이터분석|인터넷·IT·통신·모바일·게임>빅데이터·AI(인공지능)> Python|인터넷·IT·통신·모바일·게임>빅데이터·AI(인공지능)>딥러닝
https://kr.indeed.com/viewjob?jk=c6cbe4d8dd9afcb1,사내 및 서비스 보안 담당자 (경력),대한민국,,"있는 분 - IDS / IPS 패턴 분석 및 Rule 개발 경력이 있는 분 - 각종 스크립트 언어(Perl, Python, shell script 등)의 활용 능력을 갖춘 분 모집기간 채용시 마감 고용형태 정규직"
https://kr.indeed.com/viewjob?jk=40462398c7170442,[기업부설연구소]AI기반 비전시스템 개발 정규직 전문연구원 모집,대한민국,,"지원자격 경력 1년 이상 undefined 대학교(4년) 우대조건 Python, 미신러닝/딥러닝에 대한 폭넓은 기본지식, 최신 연구논문에 대한 이해... 전공 - 통계학 전공 - 직접 : Python, C++,Tensorflow..."
https://kr.indeed.com/viewjob?jk=754be9e3d78fa802,2021년 상반기 R&D 개발자 (병역특례 가능/경력 무관),인천 연수구,,"담당업무: - 블루투스 메시 기반 위치 추적 솔루션 개발 - 상기 솔루션의 임베디드 펌웨어 개발 - C(필수), Python, Javascript 프로그래밍 언어 사용 - 기술 지원 [자격요건] 경력사항: 무관 (신입도 지원..."
https://kr.indeed.com/viewjob?jk=f5d0fb3d3241f1ef,Business Data Analyst (Intern),서울 강남구,,"인턴십 종료 후, 정규직으로 전환 시 Full-Time 근무가 가능한 분 • 병역필 또는 면제자 우대사항 • Python, Tableau, R을 사용하여 데이터 분석에 활용 가능 • 경영학, 통계학, 경제학, data..."
https://kr.indeed.com/viewjob?jk=65b07465cbe8ffe7,"Student Training in Engineering Program,...",서울,,"Computer Science or a related field. Programming experience in Java, Python, C... C++. About the job Student Training..."
https://kr.indeed.com/viewjob?jk=84fd9f9deb6105b0,"웹개발, Python 외 신입/경력 계약직",서울 강서구,,"주식회사 쿠바로엠앤씨 웹개발, Python 외 신입/경력 계약직 채용 모집... 게임>웹프로그래머>웹개발|인터넷·IT·통신·모바일·게임>웹프로그래머> Python|인터넷·IT·통신·모바일·게임>웹프로그래머>백엔드|인터넷·IT·통신..."
https://kr.indeed.com/viewjob?jk=7d155eed9eceae77,[빅데이터 분석] 인턴,서울 종로구,"월급 2,000,000원","음식.관광 분야에 배경지식을 갖추신 분 Python, R, SQL, 통계프로그램... 서서류전형, 면접전형/ 우대사항음식.관광 분야에 배경지식을 갖추신 분 Python, R, SQL, 통계프로그램 등을 활용하여 데이터 정제, 분석, 모델..."
https://kr.indeed.com/viewjob?jk=7bb7412bddcd3783,[연계/무료교육] 2021년 소프트웨어 개발자 양성과정 교육생,서울 송파구,,통신·모바일·게임>빅데이터·AI(인공지능)>데이터분석|인터넷·IT·통신·모바일·게임>빅데이터·AI(인공지능)> Python|인터넷·IT·통신·모바일·게임>빅데이터·AI(인공지능)>머신러닝|인터넷·IT·통신·모바일·게임>빅데이터...
https://kr.indeed.com/viewjob?jk=3d0cc83899a9b37f,[위메프서비스] CI/CD 엔지니어(정규직),대한민국,,"배포 경험이 있는 분 [우대사항] - kubernetes 기반 서비스 운영경험이 있는 분 - JAVA, python 등 웹어플리케이션용 개발언어 1개 이상 경험이 있는 분 - 네트워크, 리눅스 기반 관련 지식 보유한 분..."
https://kr.indeed.com/viewjob?jk=2444dea9e6f2bb7e,Knowledge AI Research 모집,성남 판교역,,하는 능력 B. 기술 탐색 및 문제해결능력 C. 기반기술에 대한 개발 능력( R/ Python/Java ) 우대사항 1. Python 개발역량 보유 2. 다양한 DB로 부터의 데이터 핸들링 경험 3. AI기술 실제 서비스...
https://kr.indeed.com/viewjob?jk=f971c284b5403203,2021년 한국도로공사 전문직(데이터분석전문가),경상북도,,"년 이상 해당분야 경력이 있는 자 - 해당분야 학사학위 취득 후 6년 이상 해당분야 경력이 있는 자 3. Python, R, Java 등 1개 이상의 프로그래밍 능력 보유자 결격사유 제8조 (결격사유) 다음 각호의 1에 해당..."
https://kr.indeed.com/viewjob?jk=bb5ae480fe3200b9,Data Scientist,서울,,"skills in Python, and ideally in other languages like R, SQL, Hive Sql, C++ • Hands-on experience with Python libraries..."
https://kr.indeed.com/viewjob?jk=4b31a4ae3ffd862a,각 부문별 신입/경력사원,서울 중구,,지능(AI)|전자·기계·기술·화학·연구개발>광학·의료장비>AI의료|인터넷·IT·통신·모바일·게임>웹프로그래머> Python|인터넷·IT·통신·모바일·게임>네트워크·서버·보안>정보보안|의료·간호·보건·복지>치료·의료기사>보건의료...
https://kr.indeed.com/viewjob?jk=ccd4f5407a32ba6a,Data Scientist,서울,,"analysis a plus, Programming... scripting exp.: eg. Python, C#, VBA, Java, Perl, etc. Experience in applied analytics..."
https://kr.indeed.com/viewjob?jk=d2ecaccb26cd4a37,신경망 연구 개발자,서울 마포구,"연봉 40,000,000원 - 50,000,000원","신입, 경력(연차무관)학력사항: 대학교(4년)졸업직무기술: 딥러닝, Python, TensorFlow, openCV[우대사항]전공계열: 공학계열... 게임>빅데이터·AI(인공지능)> Python|인터넷·IT·통신·모바일·게임..."
https://kr.indeed.com/viewjob?jk=e36b281df2933890,[위메프서비스] E-Commerce 데이터엔지니어/NLP개발자(정규직),대한민국,,개발 경력 3년 이상 - 분산파일 시스템 Hadoop 및 Spark 경험이 있는 분 - Java 및 Python 개발 능력을 보유한 분(중급 이상) - Hadoop Ecosysterm 운영 및 유지보수 경험이 있는 분...
https://kr.indeed.com/viewjob?jk=66cf9fcab574b073,[한양대 에리카] 기업부설연구소 연구원 (신입/경력/인턴),안산 상록구,,NET|인터넷·IT·통신·모바일·게임>응용프로그래머>C#|인터넷·IT·통신·모바일·게임>응용프로그래머> Python|인터넷·IT·통신·모바일·게임>응용프로그래머>인공지능(AI)|인터넷·IT·통신·모바일·게임>응용프로그래머...
https://kr.indeed.com/viewjob?jk=6203061bca6094ec,Data Analyst,서울 영등포구,,"가지신 분 Business Intelligence 시스템 및 비즈니스 리포팅 툴의 활용 능력 프로그래밍 언어( Python/R, etc)를 활용하여 데이터 분석이 가능하신 분 더 나은 데이터 기반 서비스를 만들기 위해 동료들과..."
https://kr.indeed.com/viewjob?jk=78e99625e5de3c95,전문연구요원 (병역특례) 수시 (AI / HW 분야),성남 분당구,"연봉 40,000,000원 - 100,000,000원","모델의 RTL IP 설계 및 IP 검증 가능자 - Language: Python/Perl, C/C++ [우대 조건] - ARM based SoC 설계... Linux, shell, tcl, python, perl 사용 원활..."
https://kr.indeed.com/viewjob?jk=e24e46a941c8efbd,[대기업] 클라우드 기반 솔루션(출입통제시스템) 개발,서울,,C++|인터넷·IT·통신·모바일·게임>응용프로그래머>클라우드|인터넷·IT·통신·모바일·게임>응용프로그래머> Python|인터넷·IT·통신·모바일·게임>데이터베이스·DBA>데이터베이스개발자|인터넷·IT·통신·모바일·게임>데이터베...
https://kr.indeed.com/viewjob?jk=d198e2707afedc5e,"웹개발, 백엔드 신입 인턴 . (급여 월 300만원)",서울 강남구,"월급 3,000,000원","Selenium, BeautifulSoup활용)- Python, Fast... 학력무관직무기술: 개발자, 응용프로그램개발, 서버, 시스템프로그래머, Python 3 명 근무조건 고용형태: 인턴(근무기간 2개월, 정규직 전환검토..."
https://kr.indeed.com/viewjob?jk=a38c881248da7e5e,[취업연계] 파이썬 활용 빅데이터 분석 전문가 양성과정 훈련생,서울 금천구,,게임>빅데이터·AI(인공지능)> Python|인터넷·IT·통신·모바일·게임... 응용프로그래머> Python|인터넷·IT·통신·모바일·게임>웹프로그래머>JAVA|인터넷·IT·통신·모바일·게임>웹프로그래머> Python|전자·기계·기술...
https://kr.indeed.com/viewjob?jk=61d00e18b537cab2,[단기계약직] NLP 서비스 프로토타입 개발을 위한 엔지니어 모집,성남 판교역,,"졸업생, 졸업 예정자 가능 - Python을 이용하여 개발 가능한 분 우대... 개발 능력 - 자연어처리 (NLP) 관련 프로젝트 경험 있으신 분 - Python, Java 등을 이용하여 NLP 기술을 구현 가능한 분 제출서류..."
https://kr.indeed.com/viewjob?jk=54e0d08c99dcf507,MI(Market Intelligence)담당 마케팅 전략 경력사원,서울 영등포구,,"AL이상 성적에 대하여 1개 이상 보유 4) 우대 사항 - 통계 분석 및 프로그래밍 언어 역량 보유: R, python, Java, SPSS, Tableau, etc. - 영어 능통 역량: 해외법인과 영어 화상 회의 및 현지..."
https://kr.indeed.com/viewjob?jk=c130ad24ffc25b72,기술연구소 (AI연구 및 Python개발 / 드론 영상처리),고양 덕양구,,어링 기술연구소 (AI연구 및 Python개발 / 드론 영상처리) 채용 4... 프로그래밍 ㆍBig Data 활용 및 Smart plant ㆍR 및 Python 기반 프로그램 개발 ㆍ정부출연사업 제안서 작성 [근무부서 및 직급...
https://kr.indeed.com/viewjob?jk=23be9bed60656b8a,2021년 보로노이(주) AI연구원 수시,인천 연수구,,"다양한 예측 모델 연구- 합성, 바이오 연구자들과 공동 기술연구 및 개발[자격요건]- 화학, 수학 전공자- Python 프로그래밍 [우대사항]- 인공지능 모델 유경험자 우대 [근무시간 및 형태] 주 5일 근무 (오전) 9시..."
https://kr.indeed.com/viewjob?jk=5a0d523f82d53cf8,2021년 정규직 기업부설연구소 개발연구원 [APP 개발],충청남도 아산,,"직무내용] 사용기술 - java, ios, android, python담당업무 - APP 개발 및 업그레이드 - APP 유지보수 및 성능 최적화 [근무시간 및 형태] 주 5일 근무 (오전) 9시 00분 ~ (오후) 6시 00..."
https://kr.indeed.com/viewjob?jk=cbc59fb84225dc9a,[서울 본사] SW 개발 정규직,서울 구로구,"연봉 22,000,000원 - 30,000,000원","직무내용] 주업무1. 소프트웨어 개발(java, python, C++, Android, C#, IOS, PHP, ASP 등)- 연구개발 과제 프로그램 개발- 지역과제 프로그램 개발 [근무시간 및 형태] 주 5일 근무 (오전..."
https://kr.indeed.com/viewjob?jk=50e1165bc5a17851,"기술연구소 정규직 연력(Java, Python, 기타)및 개발자 (신입,...",서울 송파구,"연봉 30,000,000원 - 60,000,000원","프트웨어 개발 및 AI, 통계분석I)- 경력 : Java 개발경험 2년이상-개발언어 : Java, C++, Python, Node 등 [근무시간 및 형태] 주 5일 근무 (오전) 9시 00분~(오후) 6시 00분 주소정근로시..."
https://kr.indeed.com/viewjob?jk=617dbecdabad02b9,"NAVER, LINE 서비스 플랫폼 운영",성남 분당구,,"언어( python, java, c언어 등) 초급 수준인 분[우대사항]- Docker(kubernetes) 관련 지식 보유 및 활용 경험- Linux System, WEB/WAS, DB운영 경험- 프로그래밍 언어( python..."
https://kr.indeed.com/viewjob?jk=1e974ff27c6eb340,Autonomous Driving 분야 엔지니어,서울 강남구,,"프로그래밍 기술 (C/C++, Python 등) - 이동 로봇/드론 관련... platform 개발 경험 - 뛰어난 프로그래밍 기술 (C/C++, Python) - 3D geometry, math, physics 관련 경험 및..."
https://kr.indeed.com/viewjob?jk=2b724bcab9e3aee5,Python 개발 프리랜서,서울,,"0명 주요업무 -. 시스템 개발 및 운영 -. 시스템 분석/설계 -. 프로그램 개발 지원자격 [자격요건] - Python, Django Framework 기본지식 - HTML/Javascript/jQuery/CSS 기본 지식..."
https://kr.indeed.com/viewjob?jk=8b0ab14d618b6f94,동진쎄미켐 각 부문 신입 및 경력사원 대규모 채용,경기도 화성,,"이상 - 전공 : 컴퓨터공학, 정보통신학 계열 - 우대사항 1) 전산 관련 전공 및 자격증 소지자 2) Python, JAVA, MS-SQL, 오라클 ERP 경험자 3) 어학 우수자 (영어) 0명 서울 본사 (상암..."
https://kr.indeed.com/viewjob?jk=d17da0baecf05910,데이터 분야 경력,서울,,"해가 뛰어난 자 - R, Python, SAS, SQL 등 활용 역량 우대사항(해당 내용 중 1개 이상) - ML/DL 경험 인력 우대 - 관련 분야 석사 이상 학위 소지자 우대 - R, Python등 데이터분석 모델링 경험..."
https://kr.indeed.com/viewjob?jk=55584c627df1acaa,데이터 분석가/사이언티스트(신입/인턴 가능),제주도 제주,,"Sheet) 등 데이터 분석 도구를 원활히 다루시거나, 앞으로 원활히 다루고자 하는 의지가 높으신 분 • Python, R 등의 프로그래밍 언어 혹은 데이터 분석 언어를 1개 이상 능숙하게 사용 가능하신 분 전형절차 서류..."
https://kr.indeed.com/viewjob?jk=be95b5718905880f,AI/빅데이터/클라우드 분야 (인재 Pool),서울,,"의미한 인사이트 발굴 - R, Python, SQL 등 Statistics... 등)의 다양한 솔루션을 활용하여 서비스 개발 경험자 2) Java, Python 등 프로그래밍 개발 경험 보유자 3) Container 기반 서비스..."
https://kr.indeed.com/viewjob?jk=2b09f13b5790dd69,2021년 한화시스템 방산부문 프로젝트/기간제 엔지니어 채용(상시),서울,,분야 경험자 [우대 요건] 무인기 GCS 개발 유경험자 SW시험/분석 도구 개발 유경험자 C/C++/C#/ Python/JAVA 프로그래밍 숙련자 0명 판교 한화인1:1문의하기 활용 지휘통제-SW 계약기간 : 입사 시...
https://kr.indeed.com/viewjob?jk=4ade52bb05545770,[전국렌터카공제조합] 신입 및 경력직,경기도,,웹개발|인터넷·IT·통신·모바일·게임>웹프로그래머>JSP|인터넷·IT·통신·모바일·게임>웹프로그래머> Python|인터넷·IT·통신·모바일·게임>응용프로그래머>iOS|인터넷·IT·통신·모바일·게임>응용프로그래머>Android...
https://kr.indeed.com/viewjob?jk=47209d0b3b717673,꿈꾸는 개발자 데뷔코스 싹(SSAC) 3기 교육생,서울 영등포구,,로그래머>머신러닝(ML)|인터넷·IT·통신·모바일·게임>응용프로그래머> Python|인터넷·IT·통신·모바일·게임>응용프로그래머>증강현실(AR)|인터넷... 통신·모바일·게임>웹프로그래머> Python|인터넷·IT·통신·모바일·게임...
https://kr.indeed.com/viewjob?jk=0e8c9121e92a0c74,"웹개발 경력자 (Python Django, 연봉 4,500~8,000만원...",서울 서초구,"연봉 45,000,000원 - 80,000,000원","1) 전자 관련 학과, 정보통신 관련 학과, 정보보호 또는 정보처리기술 관련 학과 2) 경력 4년 이상 인터넷·IT·통신·모바일·게임>웹프로그래머>백엔드"
https://kr.indeed.com/viewjob?jk=73c201b4a7e63439,Data Scientist,서울 영등포구,,"위한 실험설계, 가설 검증 등 통계분석 모델링 개발 필요 직무역량 : 1. 데이터 분석/모델링 수행 - R/ Python/SAS 등의 분석 Tool을 활용하여 정형/비정형 데이터 분석 수행 - 대용량 원천 데이터의 탐색적 분석..."
https://kr.indeed.com/viewjob?jk=b1148b4f897d6df0,[AI R&D] 플랫폼 개발 엔지니어 모집,성남 판교역,,"학사 이상 경력기간 : 3년 ~ 필수조건 # 필요 역량 (AI 관련 지식 역량은 필수는 아닙니다.) - Python, Java 등 하나 이상의 프로그래밍 언어에 대한 이해 및 개발 경력을 가지신 분 - RDBMS 또는..."
https://kr.indeed.com/viewjob?jk=4a08b699c69b0b44,AI R&D 데이터 플랫폼 엔지니어 모집,성남 판교역,,3년 ~ 15년 필수조건 - Hadoop 기반 분산 데이터 처리 기술에 대한 경험 보유 - Java / Python 기반 개발 경험 보유 - Hive 기반 ETL 개발 및 workflow 자동화 개발 경험 보유 - J2EE...
https://kr.indeed.com/viewjob?jk=1ae2bb09a9bb2078,[AI R&D] ML 엔지니어 모집,성남 판교역,,pipeline 설계 및 구현 기술 연구 개발 지원자격 학력 : 학사 이상 경력기간 : 3년 ~ 필수조건 - Python 언어 및 SQL 쿼리 작업에 능숙하신 분 - ML 도구(scikit-learn/Spark MLlib...
https://kr.indeed.com/viewjob?jk=b86da88c2546f564,"Software Engineer, University Graduate",서울,,"languages, including... limited to: Java, C/C++, Python, JavaScript, or Go. Experience working with one or more from..."
https://kr.indeed.com/viewjob?jk=4adac8923476d038,프랭클린템플턴투신운용 Junior Trader (Quant base 필수...,대한민국,,"object-oriented programming and intermediate programming proficiency in Python, R or MATLAB, and SQL are essential. Licenses..."
https://kr.indeed.com/viewjob?jk=d3e388157ad2a66f,에프앤가이드 - 각 부문 (전문연구요원 포함),대한민국,,"이공계열 석사학위 이상 취득(예정)자 - 우대사항 : ㆍ SQL, python, R 개발경험 소유자 디지털금융팀 - 담당업무 : ㆍ마이데이터 및... 문을 이해/구현 가능한 분 ㆍ Python 등의 언어를 이용한 서비스 개발..."
https://kr.indeed.com/viewjob?jk=23181b6977eeccbe,"딥러닝 솔루션 개발자 (이미지, 자연어, 시계열 데이터)",성남 분당구,,모바일·게임>빅데이터·AI(인공지능)>인공지능(AI)|인터넷·IT·통신·모바일·게임>빅데이터·AI(인공지능)> Python|인터넷·IT·통신·모바일·게임>빅데이터·AI(인공지능)>머신러닝|인터넷·IT·통신·모바일·게임>빅데이터...
https://kr.indeed.com/viewjob?jk=a5a6083de84105cc,"C, C++, JAVA, PYTHON 프로그래머",서울 구로구,"연봉 22,000,000원 - 26,000,000원","면접 후 결정 가능 [장애인채용희망여부] 비희망 [병역특례] - 비희망 [기타 희망내용] C, C++, PYTHON, JAVA 프로그래밍 잘하시는 분 인터넷·IT·통신·모바일·게임>응용프로그래머>C·C++|인터넷·IT·통신..."
https://kr.indeed.com/viewjob?jk=b95d00f1145e5ef3,(광주취업맛집1위)2021년도 국비 기술교육생,광주 광산구,,통신·모바일·게임>빅데이터·AI(인공지능)>데이터분석|인터넷·IT·통신·모바일·게임>빅데이터·AI(인공지능)> Python|인터넷·IT·통신·모바일·게임>빅데이터·AI(인공지능)>머신러닝|인터넷·IT·통신·모바일·게임>빅데이터...
https://kr.indeed.com/viewjob?jk=93a799e8c85bd591,[대기업] 클라우드/IoT 플랫폼 개발,서울,,통신·모바일·게임>웹프로그래머> Python|인터넷·IT·통신·모바일·게임... 응용프로그래머>Linux|인터넷·IT·통신·모바일·게임>응용프로그래머> Python|인터넷·IT·통신·모바일·게임>시스템프로그래머>사물인터넷(IoT...
https://kr.indeed.com/viewjob?jk=b38903f24aefd3bf,[건축자재 중견기업] 데이터 사이언티스트 (대리~과장),서울 영등포구,,"업무를 위한 프로그래밍 언어 Python 및 R, SQL 가능자- Hive... 데이터분석|인터넷·IT·통신·모바일·게임>빅데이터·AI(인공지능)> Python|인터넷·IT·통신·모바일·게임>빅데이터·AI(인공지능)>R|인터넷..."
https://kr.indeed.com/viewjob?jk=cc3fcb3e135a6094,"차량용 Software Test 자동화 개발자(C, C++, Python...",인천 서구,,직무내용] 모집분야- 연구개발담당업무- SW 테스팅 자동화 도구 및 스크립트 개발- 프로그램 분석 연구- 테스팅 자동화 환경 구축자격요건- 학력 : 초대졸 이상(졸업예정자 가능)- 경력 : 경력무관[우대조건]- 컴퓨터 활용...
https://kr.indeed.com/viewjob?jk=203283937e16a3fc,Software Engineer - Robotics,서울,,similar degree You have in-depth knowledge of C / C++ and Python programming You value soft skills... passionate...
https://kr.indeed.com/viewjob?jk=64e94a1138c33e40,Simulation 분야 석/박사 경력사원,경기도 파주,,"4) Programming Tool 경험자 (C++, Math-lab Python, Labview . etc) 우대사항 1) 전기전자공학, 물리학... Tool 경험자 (C++, VB, Python, Labview) 우대 학위..."
https://kr.indeed.com/viewjob?jk=40fcd7eeeaf408d4,[신규프로젝트][AION2] 테크니컬 아티스트 모집,성남 판교역,,"및 배경, VFX 아티스트 경력 우대사항 - UE4 Custom Shader 제작 Skill - Python,MaxScript 등 개발 언어 활용 능력 - Digital Human 렌더링 이해가 높은 분 - Substance..."
https://kr.indeed.com/viewjob?jk=c7d3e27d85495e80,Data Scientist,서울 영등포구,,"기반 예측, 모델링 프로젝트 경험자 데이터 분석/모델링을 위한 언어 및 프레임워크 사용에 익숙하신 분 ( Python, R, SQL, Pandas, TensorFlow, Pytorch, Spark 등) 회사 내부 구성원들과..."
https://kr.indeed.com/viewjob?jk=f017e45d8ff41758,부정행위 탐지를 위한 분석 전문가 모집,성남 판교역,,플레이 경험 다수 - 게임 LOG를 활용한 데이터 분석 및 부정사용자 탐지 업무 실무 경험 - R 또는 Python을 통한 통계 및 분석 능력 제출서류 필수 제출서류 없음 전형단계 서류전형 1차 면접 NC TEST 2차...
https://kr.indeed.com/viewjob?jk=f227e4e5212e6198,웹개발 및 서버개발자 신입/경력 정규직,서울 구로구,,백엔드|인터넷·IT·통신·모바일·게임>웹프로그래머>프론트엔드|인터넷·IT·통신·모바일·게임>웹프로그래머> Python|인터넷·IT·통신·모바일·게임>빅데이터·AI(인공지능)>딥러닝|인터넷·IT·통신·모바일·게임>빅데이터·AI...
https://kr.indeed.com/viewjob?jk=29767317149347b1,Engineering IT 분야 경력채용 공고,서울 서초동,,"비동기, 메시지 아키텍처 설계 경험 보유 - 관련분야 전공자 및 자격증 보유 · C#, Java, Python, Node.js, React, Vue.js, Angular 등 - 비즈니스 영어회화 능통자 지원..."
https://kr.indeed.com/viewjob?jk=387c6b57b19a4825,[다음포털] 카카오 콘텐츠 데이터(엔지니어/사이언티스트/모델러) 모집,대한민국,,"및 인사이트 도출 모델 평가를 위한 평가 지표 개발 지원자격 팀 커뮤니케이션이 원활하신 분 R, Python으로 능숙한 프로그래밍이 가능하신 분 TensorFlow/Keras, PyTorch, sklearn, Spark..."
https://kr.indeed.com/viewjob?jk=63d19b43d3b272ca,웹/앱 개발자 신입/경력 정규직,서울 용산구,"연봉 30,000,000원 - 35,000,000원",니다. 인터넷·IT·통신·모바일·게임>웹프로그래머>웹개발|인터넷·IT·통신·모바일·게임>응용프로그래머>iOS|인터넷·IT·통신·모바일·게임>응용프로그래머>Android|인터넷·IT·통신·모바일·게임>응용프로그래머> Python
https://kr.indeed.com/viewjob?jk=75c69093d9d3fd18,하이테크(대졸자 취업연계)과정 (ICT·바이오 분야),성남 분당구,,로그래머>머신러닝(ML)|인터넷·IT·통신·모바일·게임>응용프로그래머> Python|인터넷·IT·통신·모바일·게임>응용프로그래머>증강현실(AR)|인터넷... 게임>빅데이터·AI(인공지능)> Python|인터넷·IT·통신·모바일·게임...
https://kr.indeed.com/viewjob?jk=e5448ffc7d6ecf02,FPGA 플랫폼 엔지니어 (딥러닝 하드웨어 프로세서 개발),성남 분당구,"연봉 40,000,000원 - 100,000,000원","사용 경험(Chip Scope/SignalTap) - Language: Python/Perl, C/C++ - Vivado 또는 Synplify 또는... SignalTap) - Language: Python/Perl, C/C++..."
https://kr.indeed.com/viewjob?jk=bea73e3b5a9cae56,[대형증권사] IT보안,서울 강남구,,"기획 운영 - 인증서비스 마케팅 - 신원확인업무 기획 학력사항: 대학교(4년)졸업 -이공계 전공, C#, Python,JavaScript,SQL 사용 가능 우대 0 명 근무조건 고용형태: 정규직급여조건: 연봉 협의 후 결정..."
https://kr.indeed.com/viewjob?jk=df21e3bb5d773616,Python Programmer,서울 서초구,,개발 – JAVA 프로그래밍(라이브러리 활용) – Spring 프레임 워크 개발 – Python API 프로그래밍 우대사항 – Python 개발 경험 – Open Source 라이브러리 개발경험 – Web 표준에 대한 경험...
https://kr.indeed.com/viewjob?jk=918468d6e12a17e8,네트워크 엔지니어링,성남 판교역,,"관리 도구 개발/운영 - 관련학과 졸업 후, 경력 3년 이상 - 리눅스 환경 개발 경력 2년 이상 - Python, Django, Javascript 관련 개발 경험 - CCNA 또는 JNCIA 이상의 자격증 보유..."
https://kr.indeed.com/viewjob?jk=532efeca5032b05e,Junior Consultant,대전,,programming languages for statistical analysis (e.g. R or Python) or statistical software (e.g. SPSS) and data visualisation...
https://kr.indeed.com/viewjob?jk=6cf75f97aefd8437,소프트웨어 신입/경력 정규직,대전 유성구,,"무부서: 개발팀 [자격요건]경력사항: 신입, 경력(연차무관)학력사항: 대학교(4년)졸업 이상직무기술: C++, Python, HTML, Java개발[우대사항]전공계열: 공학계열 0 명 근무조건 고용형태: 정규직(수습기간0개월..."
https://kr.indeed.com/viewjob?jk=f069d006ba3ffa5a,(신입/경력) AR&AI 엔지니어,성남 분당구,,"Engine 중 1개 이상 능숙하게 다룰 수 있다 - C, C++, Python 등 프로그래밍 언어 중 1개 이상 능숙하게 다룰 수 있다... 다룰 수 있다 - C, C++, Python 등 프로그래밍 언어 중 1개..."
https://kr.indeed.com/viewjob?jk=a64e1e21f61265ce,각 분야별 인재 Pool 등록,서울,,"자 - 데이터 분석 툴(Adobe Analytics 또는 Google Analytics) 유경험자 우대 - Python, R, SQL 역량 보유자 우대 - 데이터에 기반한 문제해결 능력 및 통계학적 지식 보유자 우대 - 담당..."
https://kr.indeed.com/viewjob?jk=db319b599f0f633c,2021 요기요 신입 백엔드 개발자 (Rookie Hero 4기),서울특별시,,"채용홈페이지에서 지원하기를 희망합니다. 지원버튼을 클릭 하시면 기업 홈페이지로 이동 합니다. 직무/산업 직무별(직종) 웹프로그래머JAVA, Python 응용프로그래머전산전공 산업별(업종) 유통.백화점.도소매 유통 물류 주문"
https://kr.indeed.com/viewjob?jk=f468f742037501ae,[TmaxTibero/기술] DBMS 제품 QA 신입 및 경력,성남 분당구,,베이스/ 소프트웨어공학 전공자 - 데이터베이스 연관 3rd Party 제품 기술지원 경험자 - Java/C/ Python/shell 초급 개발자/경험자 - S/W QA 경험자 - CDC 제품 사용 경험자 - Unix/Linux...
https://kr.indeed.com/viewjob?jk=71c47ac87bb4087e,기술 인턴 인공지능 응용 연구/개발 인턴,서울 관악구,,"6개월) (협의) *모집 절차: 서류 à인터뷰(오프라인) *지원 자격: 프로그래밍 언어 활용 능력: Python, C, C++ 중 1가지 이상 데이터구조, 알고리즘 과목 이수 머신러닝과 딥러닝의 기본 개념 이해 머신러닝..."
https://kr.indeed.com/viewjob?jk=649ccf047c868778,"금융 데이터 분석 엔진, 로보어드바이저 개발자",서울 영등포구,,"시스템, 머신러닝, 자연어처리. 패턴분석 - 다음 언어에서 최소 한 가지 이상 능숙자: Java, C++, Python, JavaScript 우대사항 - 석사이상 컴퓨터공학 (Computer Science) 분야 또는..."
https://kr.indeed.com/viewjob?jk=d7aca278904705ea,[정규직] 창단 프로그래머,서울 중구,"연봉 30,000,000원 - 32,000,000원","비스 발굴 [지원자격] - 무선분야 및 제어에 관심이 많은 자 리눅스 운영체계에서 C, C++, Java, Python 등 두 가지 이상 언어로 프로그래밍 가능자 MS Word, PPT, 한글 워드 편집가능자 해외여행에 결격..."
https://kr.indeed.com/viewjob?jk=e47c5231ba5c9eea,대기업 영상처리 관련 IP 개발자 (판교),서울,"연봉 60,000,000원 - 70,000,000원","Verification- Mentor Catapult HLS Tool 경험자- Python 가능[근무부서 및 직급/직책]직급/직책: 대리, 과장... 게임>빅데이터·AI(인공지능)> Python|인터넷·IT·통신·모바일·게임..."
https://kr.indeed.com/viewjob?jk=e8a4630bec0783e8,2021 Market Data Analyst - Seoul,서울,,"work experience using one more programming language... Python, SQL and R Fluency in Korean and English (both spoken..."
https://kr.indeed.com/viewjob?jk=7cb5c3076d1701db,"Staff Field Applications Engineer, Audio",서울,,"High level or detailed knowledge of SOC design. C/C++, python coding skills. Knowledge of music, audio/video production..."
https://kr.indeed.com/viewjob?jk=09575a6245b07153,Data Scientist,경기도 화성,,long periods of time (up to 1 month each time). Programming – python proficient. Machine learning and data science experience...
https://kr.indeed.com/viewjob?jk=c8832db81328dea7,[웹젠] DBA(경력),성남 분당구,,DW 및 BI 경험이 있는 분 ﻿ 우대사항 - Linux 환경에서 Python 언어로의 개발이 가능한 분 - 데이터 분석 및 활용에 관심이 높은 분... 우대사항 - Linux 환경에서 Python 언어로의 개발이 가능한 분...
https://kr.indeed.com/viewjob?jk=09575a6245b07153,Data Scientist,경기도 화성,,long periods of time (up to 1 month each time). Programming – python proficient. Machine learning and data science experience...
https://kr.indeed.com/viewjob?jk=c8832db81328dea7,[웹젠] DBA(경력),성남 분당구,,DW 및 BI 경험이 있는 분 ﻿ 우대사항 - Linux 환경에서 Python 언어로의 개발이 가능한 분 - 데이터 분석 및 활용에 관심이 높은 분... 우대사항 - Linux 환경에서 Python 언어로의 개발이 가능한 분...
https://kr.indeed.com/viewjob?jk=f3bb368871dc7ae0,"[펜타시큐리티] 보안S/W 개발 및 기획자 (웹, 인증, 블록체인)",서울 영등포구,,인터넷·IT·통신·모바일·게임>웹프로그래머>JAVA|인터넷·IT·통신·모바일·게임>웹프로그래머> Python|인터넷·IT·통신·모바일·게임>응용프로그래머>C·C++|인터넷·IT·통신·모바일·게임>응용프로그래머>JAVA|인터넷...
https://kr.indeed.com/viewjob?jk=f5e0e17274219fda,"차량용 Software Test 자동화 개발자(C, C++, Python...",인천 서구,,"C++, Python) / QA 모집 모집부문 및 자격요건 담당업무 자격요건 인원 [담당업무]차량용 S/W 검증 개발 (C, C++, Python... 통신·모바일·게임>응용프로그래머> Python|인터넷·IT·통신·모바일·게임..."
https://kr.indeed.com/viewjob?jk=a22173d071050949,AI Scientist (NLP) (remote),서울•원격 근무,"연봉 40,000,000원 - 60,000,000원","field. * 3+ years programming experience, 2+ years in Python especially in teams. * Thorough understanding of programming..."
https://kr.indeed.com/viewjob?jk=4a6605971af06a7e,광학솔루션사업부 경력사원 공고 (생산/품질/DX분야),경기도 파주,,"공정 데이터 기반 딥러닝/머신러닝 알고리즘 개발 (5년 이상) - 프로그래밍 가능자 (SQL, SAS, Python, R 등) - AWS 프레임워크 사용 유경험자 [학력] - 학사 이상, 컴퓨터공학, 산업공학 등 공학 전공자..."
https://kr.indeed.com/viewjob?jk=bfe0f5ac4f32ec89,추천 통계분석/데이터사이언티스트,성남 판교역,,"통계, 수학 관련 분야의 석사 또는 박사 학위 소지자 숙련된 데이터분석 능력 데이터 사이언스를 위한 언어( Python/R) 를 하나 이상 능숙하게 다룰 수 있으신 분 분석 결과를 설득력있게 전달할 수 있는 분 우대사항..."
https://kr.indeed.com/viewjob?jk=c80b67aa02a7b226,인공지능연구소 우수인력 초빙 - 연구원 및 연구관리직 -,광주 북구,,"기술 컴퓨터사이언스, 머신러닝, 컴파일러, 자연언어 처리, 네트워킹, 지능형 센서 관련 지식 Python/Java/C++/Web/App/API 프로그래밍, 딥러닝, 자연어처리, TCP/IP 등에 대한 지식 필요기술..."
https://kr.indeed.com/viewjob?jk=7420bd6ad89ff63a,미국 법인 보안 담당자,성남 판교역,,진행 가능하신 분 - 해외 근무에 결격 사유가 없는 분 - 악성코드 동적/정적 분석 능력 보유 - Python 등 스크립트 개발을 통한 업무 효율화 경험 - Elastic Stack에 대한 이해와 운영 경험 - 클라...
https://kr.indeed.com/viewjob?jk=8af2e47298c6f85b,SAP HANA Quality Specialist,서울,,"discipline Preferred skills Knowledge of LINUX Knowledge of Python/shell-Scripting, C/C++ Using C++-Debuggers (like GDB..."
https://kr.indeed.com/viewjob?jk=a65c3dcebbce6d12,챗봇 개발자,서울 마포구,"연봉 30,000,000원 - 35,000,000원","경력사항: 신입, 경력(연차무관)학력사항: 대학교(4년)졸업직무기술: Python, Linux, 자연어처리(NLP), 인공지능 챗봇, 인공지능 (AI... 게임>빅데이터·AI(인공지능)> Python|인터넷·IT·통신·모바일·게임..."
https://kr.indeed.com/viewjob?jk=4741d262468f19da,[KSTEC] RPA 시스템 개발 신입사원,성남 분당구,,통신·모바일·게임>웹프로그래머>JAVA|인터넷·IT·통신·모바일·게임>웹프로그래머>.NET|인터넷·IT·통신·모바일·게임>웹프로그래머> Python|인터넷·IT·통신·모바일·게임>웹프로그래머>HTML·DHTML·mHTML
https://kr.indeed.com/viewjob?jk=c71c1fa9e0d43937,악성코드 및 엔드포인트 위협 대응 보안 엔지니어 모집,성남 판교역,,"발견하고 개선하고자 하는 능동적인 성격 우대사항 API 활용 SOAR 구성 node.js 프레임워크 경험자 Python/Linux shell script 중급 이상 가능자 필독사항 ※ 카카오 테크 직군의 경우, 개발..."
https://kr.indeed.com/viewjob?jk=2b2dcd3ffe3d53df,카카오 데이터의 가치를 발굴할 데이터 분석가 모집,성남 판교역,,"기술 통계량 이해 및 해석) 데이터 분석 업무를 수행할 수 있는 언어 스킬 필수 SQL 필수 R 또는 Python을 다룰 수 있는 분 (SAS, SPSS, GA, tableau 등 통계 툴만 사용 가능한 경우 제외) 하둡..."
https://kr.indeed.com/viewjob?jk=12aee20d54fbd438,[웹젠] 사내IT인프라(신입/경력),성남 분당구,,"Terraform 등 운영 경험이 있는 분 - Powershell, Python, Bash,Batch 작성이 가능한 분 - L2,L3 네트워크 기본... 있는 분 - Powershell, Python, Bash,Batch 작성이..."
https://kr.indeed.com/viewjob?jk=fc09bd46b913c048,시스템 엔지니어링,성남 판교역,,"운영 경험 보유 - 쉘 스크립트 또는 프로그래밍 개발 스킬 보유 * Bash, PowerShell, Python, JAVA, etc * 운영 자동화/효율화 경험 보유 - 대용량 트래픽 처리를 위한 인프라 설계와 구축..."
https://kr.indeed.com/viewjob?jk=9d38e1d4227a0857,[Creative] Cinematic Effector (시네마틱 이펙터),서울,,"PUBG에 대한 관심과 이해 언리얼 머테리얼/블루프린트 제작에 능숙하신 분 RnD 좋아하시는 분 C++, Python 사용 경험자 MAYA 활용이 가능하신 분 고용 형태 정규직 근무지 서울 본사 (역삼) 제출 서류 입사지원서..."
https://kr.indeed.com/viewjob?jk=3c2bf0ec25a85c9f,"Senior Analyst - Data Science, Marketing...",서울,,mathematics) 4+ years of experience working with SQL and Python or R programming Ability to manage and query large databases...
https://kr.indeed.com/viewjob?jk=6b59add8d1628fee,SK M&Service 검색 시스템(엘라스틱서치) 개발/운영 담당 경력직...,서울특별시,,"Java/Spring 기반 개발 경력 7년 이상 분석적 사고, 창의적 사고, 긍정적 마인드 보유 우대 Python 기반 개발 경험 텍스트 기반 분석 및 개발 경험 대용량 데이터 분석 경험 기타 공통사항 - 병역필..."
https://kr.indeed.com/viewjob?jk=25725b3c0e607311,Junior Quant Trader,서울,,background is a plus Programming capability is mandatory (i.e. Python) Understanding of machine learning algorithm is a plus...
https://kr.indeed.com/viewjob?jk=20abdd225641e77a,"Software QA Infotainment Test Engineer,...",경기도 성남,,"one or more scripting languages... Perl, Ruby, Python, or Bash Passionate about troubleshooting failures to determine..."
https://kr.indeed.com/viewjob?jk=55a19c92c845685e,Developer / Designer recruit,서울 논현동,,"language (i.e Python, Ruby, Java, .Net... High proficiency in Python... knowledge... least one Python web framework..."
https://kr.indeed.com/viewjob?jk=1d89fe4b37ab05ed,"데이터마이닝, 빅데이터 큐레이터 외 신입/경력 정규직",서울 강남구,,"있거나 이에 준하는 실질적인 기술 경력 -데이터를 다루기 위한 Python 혹은 R 등의 프로그래밍 능력 -SQL의 사용 능력 -데이터를 다루기 위한 Python, R, Java 중 1개의 프로그래밍 능력 -대용량 데이터..."
https://kr.indeed.com/viewjob?jk=b92aa9fa4dd865f2,PM/PL & 데이터분석가 & 일반영업 정규직,서울 강서구,,"빅데이터 플랫폼 운영 및 개발 경험- 개발 경력 보유자(Java, Python, R, react, JavaScript, node.js 등)- DB... 게임>빅데이터·AI(인공지능)> Python|인터넷·IT·통신·모바일·게임..."
https://kr.indeed.com/viewjob?jk=a4b496c7f5a5aeb7,Python 웹 개발자,서울 중구,,지원자격 경력 경력 (4년이상) 학력 학력무관 성별 무관 기타 담당업무 Python 웹 개발자 채용 커리어 양식 지원 상세모집요강 접수기간/방법 지원방법 커리어 양식 지원 아직 커리어에 이력서를 등록하지 않으셨다면...
https://kr.indeed.com/viewjob?jk=e97e5ff34697d5a9,[KRAFTON] 음성 (TTS/STT) 딥러닝 엔지니어,서울,,험을 보유하신 분 독창적인 기술 제시 및 문제 해결을 위한 프로그래밍 능력을 보유하신 분 (C/C++/ Python/shell 등) 오픈소스 기반 딥 러닝 프레임워크 활용 능력을 보유하신 분 (PyTorch/TensorFlow...
https://kr.indeed.com/viewjob?jk=2ba9d984a21e03b1,[전문연구요원] R&D 부문 개발자 병역특례,서울 금천구,,"Data Analysis (R, SQL 등의 활용 능력 우대)3) Python Application 관련 개발 업무 (코딩 또는 문제해결) 4) ML... 게임>빅데이터·AI(인공지능)> Python|인터넷·IT·통신·모바일·게임..."
https://kr.indeed.com/viewjob?jk=c8c02d6751fce8a8,Python 경력 정규직,서울 강남구,,브라이트컨설팅 Python 경력 정규직 채용 모집부문 및 자격요건 담당업무 자격요건 인원 [자격요건] 경력사항: 경력(7년 이상 12년 이하) 학력사... 수 있습니다. 인터넷·IT·통신·모바일·게임>응용프로그래머> Python
https://kr.indeed.com/viewjob?jk=43f8edb38c7888c7,[위메프오] 서버개발자(정규직),대한민국,,"데이터베이스 분산설계 및 미들웨어 개발 [자격사항] - 서버 프로그래밍 언어(PHP, Go, C/C++, Python, Java) 중 1개 이상 사용이 가능한 분 - 자료구조, 알고리즘, 분산처리 등 SW관련 기본지식 보유..."
https://kr.indeed.com/viewjob?jk=8339b6fce67c485d,"웹,앱 개발자/임베디드개발자/블록체인개발자/서버관리자 정규직",서울 서초구,,인터넷·IT·통신·모바일·게임>응용프로그래머>자바스크립트|인터넷·IT·통신·모바일·게임>응용프로그래머> Python|인터넷·IT·통신·모바일·게임>시스템프로그래머>임베디드(Embedded)|인터넷·IT·통신·모바일·게임>네트워...
https://kr.indeed.com/viewjob?jk=2b9e604e63e7e46d,[카카오커머스] 기술직군,성남 분당구,,"우대사항 - 전자금융 감독규정, PCIDSS에 대한 실무 경험이나 이해도가 높으신 분 - JAVA, Python, shell script 등 개발 역량을 갖추신 분 - 웹/앱 취약점 진단 및 모의해킹 역량을 갖추신..."
https://kr.indeed.com/viewjob?jk=e1b65cf91bb2cf33,[서울/전자/컴퓨터공학] 스토리지 전문기업 전문연구요원/신입,서울,"연봉 40,000,000원 - 50,000,000원",사원 (전문연구요원/ 신입사원) [자격요건]A. 전자공학 또는 컴퓨터공학 관련 전공 학사 이상B. C/C++/ Python 중 1개 이상 언어 활용 가능자[우대사항]A. eSSD 제품 평가 및 Test case 개발 경험B...
https://kr.indeed.com/viewjob?jk=65ea393e24fd14d7,21. 6월 화학/식품부문 경력,서울 금천구,,인터넷·IT·통신·모바일·게임>응용프로그래머>Windows|인터넷·IT·통신·모바일·게임>응용프로그래머> Python|인터넷·IT·통신·모바일·게임>웹프로그래머>JSP|유통·물류·운송·운전>운송·물류>물류관리|인터넷·IT·통신...
https://kr.indeed.com/viewjob?jk=31c8ae4a133b5147,SW(모바일앱 및 웹개발) 신입/경력 정규직 개발자,서울 강남구,,통신·모바일·게임>응용프로그래머>Android|인터넷·IT·통신·모바일·게임>응용프로그래머>iOS|인터넷·IT·통신·모바일·게임>응용프로그래머>인공지능(AI)|인터넷·IT·통신·모바일·게임>응용프로그래머> Python
https://kr.indeed.com/viewjob?jk=20b6a088b109c3e8,[웹젠] 보안분석(경력),성남 분당구,,분 - 모의해킹 경험이 있는 분 - 침해사고 대응 경험이 있는 분 - Python 개발 능력을 보유한 분 ﻿ 우대사항 - 해킹 대회 입상자 • 기타... 사고 대응 경험이 있는 분 - Python 개발 능력을 보유한 분 ﻿ 우대...
https://kr.indeed.com/viewjob?jk=752a4b5d63eac97c,Back-end Engineer (Python),서울 강남구,,"찾아요 5년 이상의 웹/앱 서비스의 백엔드 시스템 개발 경험이 있으시거나 이에 준한 역량을 갖추신 분 Python(Django, Flask) 개발 경험이 있으신 분 AWS 환경에서의 개발이 익숙하신 분 git 기반 코드..."
https://kr.indeed.com/viewjob?jk=ac9068957c550cb3,데이터 전문가(모델러/분석가/엔지니어) 모집,성남 판교역,,대용량 데이터를 효율적으로 사용하기 위한 기반 데이터 가공 지원자격 데이터 사이언스를 위한 언어(R/ Python/Scala) 및 도구(scikit-learn/Spark MLlib/Tensorflow/Pytorch 등)를...
https://kr.indeed.com/viewjob?jk=1ce21b2af70e0407,연구소 개발부문 연구원 직원 (회로설계/하드웨어설계/머신비전/이미지프로세...,경기도 광명,"연봉 42,000,000원 - 44,000,000원","프로그래밍 가능자 우대 S/W 설계 부문 : - OPEN CV, TENSORFLOW, YOLO, CUDA/ Python, C++, C WindowsGUL APL, MFC Lib 활용 가능자. 머신비전/ 영상처리 개발자 * 전기..."
https://kr.indeed.com/viewjob?jk=bc1be4ffc953c21a,Quality Engineer 반월공장 (Precursor & Speci...,경기도 안산,,"analysis. Background in programming ( Python, Java script, SQL) is preferred... preferred ( Python, Java script, SQL..."
https://kr.indeed.com/viewjob?jk=f1310b58782dc1ab,대기업 딥러닝 기반 영상처리 개발자 (판교),서울,,"Pytorch- Python, C/C++, Docker C/C++/C#... 머신러닝|인터넷·IT·통신·모바일·게임>빅데이터·AI(인공지능)> Python|인터넷·IT·통신·모바일·게임>시스템프로그래머>임베디드(Embedded)"
https://kr.indeed.com/viewjob?jk=07375dc4e800dfa9,추천 시스템 소프트웨어 엔지니어,성남 판교역,,"관련 업무 경험자 우대사항 운영체제, 네트워크, 컴파일러, 데이터베이스에 대한 이해가 깊으신 분 Python, C++, GPU 프로그래밍 숙련자 대용량/실시간 서비스 개발/운영 경험이 많으신 분 ICPC/TopCoder..."
https://kr.indeed.com/viewjob?jk=4cd34228af5013fd,DGIST 2019년 제1차 계약직원 공개채용 공고,대구 현풍면,,"우수자(SPSS, R 등 통계패키지) 외국어(영어) 구사 능력 우수자 Programming(MATLAB, Python, C/C++ 등) 가능자 · 근무기간 : 2019.3.11.~2020.3.10. ※ 단, 재계약 평가에..."
https://kr.indeed.com/viewjob?jk=aac8e9355cb855ac,[인재풀] 아티스트,서울,,Maya or 3D Max등의 아트웍 툴 사용 경험 Max script 또는 Mel Script의 사용 경험 C# 또는 Python 언어에 대한 이해 및 활용 능력 아트웍 관련 툴 제작 또는 플러그인 제작 경험
https://kr.indeed.com/viewjob?jk=ef05281bd02652a8,Data Analyst,서울 강남구,,"소지하신 분 혹은 경험이 풍부하신 분 - Data Warehouse 구축 지식이나 경험이 있으신 분 - Python, R, Spark 등 언어 및 데이터 프로세싱 프레임워크에 대한 이해도가 높은 분 - 필요한 데이터를 스스로..."
https://kr.indeed.com/viewjob?jk=87309d3ff40ead61,딥러닝 AI 개발 연구원,성남 수정구,,시스템프로그래머>임베디드(Embedded)|인터넷·IT·통신·모바일·게임>응용프로그래머>C·C++|인터넷·IT·통신·모바일·게임>응용프로그래머>Linux|인터넷·IT·통신·모바일·게임>빅데이터·AI(인공지능)> Python
https://kr.indeed.com/viewjob?jk=0064deb5fa9cbce0,데이터 사이언티스트 모집,성남 판교역,,"양한 실험을 통해 알고리즘을 개선합니다. 지원자격 지원자격 하나 이상의 프로그래밍 언어에 익숙한 분( Python, Java, C/C++, Scala 등) 머신러닝/딥러닝 오픈소스를 이용하여 1년 이상 특정 서비스에 모델..."
https://kr.indeed.com/viewjob?jk=be6c1f03fa566f8e,추천 시스템 연구/개발,성남 판교역,,"분야 석사 또는 박사 학위 소지자 적어도 하나 이상의 능숙한 프로그래밍 언어가 있으신 분 우대사항 Python, C++, GPU 프로그래밍 숙련자 TensorFlow, PyTorch, implicit 등 머신러닝/추천..."
https://kr.indeed.com/viewjob?jk=5b2574aec8e1d083,딥러닝 개발자 정규직,서울 강남구,,"라우드 기반 인프라 활용 - 데이터 수집, 전처리, 통합 자격 조건 - 데이터, 딥러닝 분야에 대한 이해 - Python 코딩능력 - 리눅스 사용 경험 우대 사항 - 영어 리딩 능력 - 의약분야 프로젝트 경험 - 플랫폼개발에..."
https://kr.indeed.com/viewjob?jk=a4472c6df10dc926,"드론솔루션 (아두이노 등 임베디드SW, 드론 ICT, 드론 3D) 정규직",성남 분당구,"연봉 25,000,000원 - 30,000,000원","학력사항: 학력무관직무기술: 드론솔루션, 아두이노 등 임베디드SW, Python, 택배드론, 국방드론 무기체계, 드론HW제작, 원격수질측정드론, 화재... 통신·모바일·게임>응용프로그래머> Python|인터넷·IT·통신·모바일·게임..."
https://kr.indeed.com/viewjob?jk=1806287902a1a36e,[데이터센터] (경력/신입) 카카오 데이터센터 Data Scientist...,성남 판교역,,"않고, 기술이 비즈니스 가치로 변모할 수 있는 그 가능성에 집중합니다. 지원자격 필수사항 Go, Python, Scala, Java, C/C++ 중 하나 이상의 언어에 능숙하신 분 SQL 또는 HiveQL에 능숙하신..."
https://kr.indeed.com/viewjob?jk=62d6e765a010b922,【일본/미나토구 근무】게임 운영 회사 데이터 사이언티스트【한국어 필수】,,,求める人材: * 【必須経験】 ・機械学習や統計知識を利用した実務経験1年以上 ・プログラミングの実務経験( Python、C++、Javaのいずれか)1年以上 ・韓国語 ビジネスレベル(上級)以上 【歓迎経験】 ・ゲームの開発経験、運用経...
https://kr.indeed.com/viewjob?jk=11760c4c5d39123f,【일본/미나토구 근무】게임 운영 회사 데이터 애널리스트,,,経験】 ・ゲーム企業やIT企業でデータアナリスト / データサイエンティストとしてのプロジェクト管理経験4年以上 ・ Python、R、SQLの使用経験(使用経験とは、分析モデルを作りそれを使って分析ができるレベル) ・データ収集、加工、分析及び...
https://kr.indeed.com/viewjob?jk=8f2594c778f57b5f,【일본/미나토구 근무】게임 운영 회사 데이터 애널리스트【프로젝트 관리 경험 2년 이상】,,,ィストとしてのプロジェクト管理経験2年以上 ・大学(四年制大学、専門学校)のデータベース系や統計学部を卒業した方 ・ Python、R、SQLの使用経験(使用経験とは、分析モデルを作りそれを使って分析ができるレベル) ・データ収集、加工、分析及び...
https://kr.indeed.com/viewjob?jk=aeb47694b1e660ff,[L'Oreal Korea] Data Analyst,,,achieve target outcomes Proficiency in SQL and one of Python or R Strong understanding and hands-on experience in data...
https://kr.indeed.com/viewjob?jk=2a611b96dfd3a48e,IT PM/웹개발자/앱개발자/웹디자이너/앱디자이너,서울 마포구,,"[직무내용] JAVA 및 Python 웹프로그램 개발[정보기술>정보기술개발>DB엔지니어링]SQL활용고급 SQL 작성하기,기본 SQL 작성하기[정보기술>정보기술개발>NW엔지니어링]네트워크 프로그래밍 구현개발환경 분석하기,기능..."
https://kr.indeed.com/viewjob?jk=5158175feb7b77e8,"경력사원 상시채용(웹/모바일 개발, 인프라/보안)",서울 대치동,,"서버/네트워크 인프라 지식 및 기술 보유자 [우대사항] -웹/앱/인프라 모의해킹 경험자 -프로그램( Python,, C, JAVA) 보안 개발 및 시큐어 코딩 가능자 -End-point 보안 취약점 조치 가능자 -보안..."
https://kr.indeed.com/viewjob?jk=b5d0fb51bc768703,Deep Learning Systems Research Engineer...,서울,,"PyTorch, TensorFlow... Good programming skills in Python/C/C++ - Good communication and presentation skills Preferred..."
https://kr.indeed.com/viewjob?jk=aca743e5a05e5a4c,"Product (UX/UI) Designer, Tanzu Labs",서울 강남구,,인터넷·IT·통신·모바일·게임>응용프로그래머>자바스크립트|인터넷·IT·통신·모바일·게임>응용프로그래머> Python|인터넷·IT·통신·모바일·게임>응용프로그래머>iOS|인터넷·IT·통신·모바일·게임>응용프로그래머>Android...
https://kr.indeed.com/viewjob?jk=1c4f1c0b625f5abd,데이터 사이언티스트 직군 모집,서울 구로구,,"요건 - 관련 분야 경력 3년 이상 - 정형/비정형 데이터 분석 및 모델링 가능 - 통계 분석 도구 (R, Python, Tensorflow 등) 및 SQL 사용 가능 - 다양한 직군의 사람들과 원활한 커뮤니케이션 및 협업..."
https://kr.indeed.com/viewjob?jk=a7a22c905ff6f1ea,"웹개발, ASP 외 신입/경력 정규직",서울 금천구,,및 유지보수AI관련 개발 담당 Python 개발자(0명)- AI 솔루션... 게임>웹프로그래머> Python|인터넷·IT·통신·모바일·게임>웹디자인>웹디자인|인터넷·IT·통신·모바일·게임>빅데이터·AI(인공지능)> Python
https://kr.indeed.com/viewjob?jk=6dd4c0101d6e23fd,지식 콘텐츠 전문기업 (매출 120억) Back-end 개발자,서울 서초구,"연봉 60,000,000원 - 70,000,000원","분[ 우대사항 ] • AWS Cloud 서버 환경 유경험자• PHP, Python 개발 경험• IIS, Nginx, Apache 등 WAS 운영 경험... RDBMS, jQuery, CSS, Python, 시스템운영(Was/Web..."
https://kr.indeed.com/viewjob?jk=d69b5a1e60c65ce6,데이터 마케팅 경력사원,서울 영등포구,,"능력 보유자 (SQL, R, Python, Scalar, Hadoop 등... 운영 경험자 - CRM 캠페인 기획/운영 경험자 - SQL, R, Python 등 통계 패키지 활용 자격증 보유자 모집기한: ~ 본 포지션 채용 시점..."
https://kr.indeed.com/viewjob?jk=6ede042ebe53ba49,RTL 기반 HW IP 설계 엔지니어 (딥러닝 하드웨어 프로세서 개발),성남 분당구,"연봉 40,000,000원 - 100,000,000원","모델의 RTL IP 설계 및 IP 검증 가능자 - Language: Python/Perl, C/C++ [우대 조건] - ARM based SoC 설계... 검증 가능자 - Language: Python/Perl, C/C++ [우대..."
https://kr.indeed.com/viewjob?jk=fe0f1952fe6d1c9a,"인공지능(AI), 딥러닝 외 신입/경력 정규직",서울 용산구,"연봉 35,000,000원 - 40,000,000원",인공지능)>인공지능(AI)|인터넷·IT·통신·모바일·게임>빅데이터·AI(인공지능)>딥러닝|인터넷·IT·통신·모바일·게임>빅데이터·AI(인공지능)> Python|인터넷·IT·통신·모바일·게임>빅데이터·AI(인공지능)>비전인식
https://kr.indeed.com/viewjob?jk=00b2349c03e0ce39,"함께할 프로그래머 개발자 (응용소프트웨어, Python, C++, C#,...",포항 북구,"연봉 30,000,000원 - 55,000,000원","직무내용] 연구과제를 수행하기 위해 필요한 프로그램을 작성하는 업무를 합니다.유니티를 활용한 시뮬레이션 프로그램 작성이나 디지털트윈 HMI 개발.통신 인터페이스 기능, 펌웨어 데이터 대시보드 프로그램 작성예지정보 표현 어플리..."
https://kr.indeed.com/viewjob?jk=cabe31ea3f2fa10b,[디지털워크팀] RPA(Robotic Process Automation)...,서울 동작구,,하려는 의지와 적극성 - 신기술 영역에 대한 열정 - 긍정적인 마인드 - 소통을 통한 협력 우대요건 - python 문법 이해 및 활용 역량 - Automation Anywhere / UiPath / AutomateOne...
https://kr.indeed.com/viewjob?jk=a179129d9bddc84a,Capital Market부문 리서치센터 센터장(이사급 0명) 및 리서치...,대한민국,,"데이터 분석 및 모델링 - 국내/ 해외 리서치와 함께 시장 보고서 작성 - 2년 이상 데이터 분석 경력자 - Python, R 상급자 - 통계/컴퓨터공학/데이터 전공자 우대 - SQL 가능자 우대 2. 전형절차 : 서류전형..."
https://kr.indeed.com/viewjob?jk=dd4d8e59a4a9265d,Data Specialist (Scientist&&Engineer),서울 마포구,,"Tensorflow, Keras, Pytorch, Theano 등)를 하나 이상 사용할 수 있는 분 • R, Python, Scala, SQL 등을 이용한 데이터 분석 및 프로그램 개발 능력이 있는 분 • 데이터 분석 기법..."
https://kr.indeed.com/viewjob?jk=c39d18040425ef53,PostgreSQL 운영 및 데이터베이스 관리자 모집,성남 판교역,,"청하고 잘 이해하는 분 Database 운영 유경험자 ( PostgreSQL 운영 경험이 있으신 분 우대) python, go, bash 등 개발 경험이 있는 분 우대 클라우드 환경의 DB시스템 구축 및 운영 경험이 있는 분..."
https://kr.indeed.com/viewjob?jk=04d685fc70b67d4e,Linux/Python/PHP/MySQL/백엔드 정규직 경력,용인 보정동,,"보유 - DBMS(MySQL or MariaDB), scripting Language: bash, python, OOP 언어 중 가능자 - Back-End 서버를 개발해 보신 분 [우대사항] - Go(aka GoLang..."
https://kr.indeed.com/viewjob?jk=0f139e8552caa762,매치메이킹 서버 개발,성남 분당구,,"습니다. - AWS ECS - AWS Lambda - Go - Python - Redis 사용자의 몰입도를 높이는 매치메이킹 규칙을 구현합... 원자격 -한 가지 이상의 개발 언어( Python, C++, C#, Go 등..."
https://kr.indeed.com/viewjob?jk=9ab2041ab3380a21,카카오톡 안티어뷰징을 위한 데이터/백엔드 엔지니어 및 머신러닝 전문가 모...,성남 판교역,,"Engineer, Data Scientist 해당 분야에서 활용되는 언어 및 도구를 능숙하게 다룰 수 있는 분( Python, Scala, PyMC, PySpark, Tensorflow 등) 우대 사항 컨테이너 환경에서의..."
https://kr.indeed.com/viewjob?jk=d83fc0dd2641f483,전문연구요원 (병역특례) 수시 (AI / SW 분야),성남 분당구,"연봉 40,000,000원 - 100,000,000원",요구 능력] - ASM/C/C++/ Python 언어 코딩 기술 - 운영체제... 경험 - Windows/Linux 상에서 C++/ Python 언어 사용 개발 경험 - C++ / Python 언어 사용 개발 경험 - 객체지향 설계에...
https://kr.indeed.com/viewjob?jk=7df915e1f0f86b2d,Software Architecture 설계 엔지니어,성남 분당구,"연봉 40,000,000원 - 100,000,000원",경험 - Windows/Linux 상에서 C++/ Python 언어 사용 개발 경험 - C++ / Python 언어 사용 개발 경험 - 객체지향 설계에... 게임>빅데이터·AI(인공지능)> Python|인터넷·IT·통신·모바일·게임...
https://kr.indeed.com/viewjob?jk=1a1af0c021e9e62e,스포츠 경기/가상화폐 관련 AI 모델 개발자,성남 분당구,,"갖고 계신 분 ㆍ머신러닝 프로젝트에서 직접 모델을 설계한 경험이 있는 분 ㆍTensorflow, pytorch 등 python 기반 라이브러리 사용에 익숙하신 분 ㆍ인공지능을 콘텐츠에 적용시키는 일에 흥미 있으신 분"
https://kr.indeed.com/viewjob?jk=9bb54701619623b2,"특성화고 IT(AI, 웹개발, 콘텐츠기획)",서울 금천구,,모바일·게임>빅데이터·AI(인공지능)>데이터분석|인터넷·IT·통신·모바일·게임>빅데이터·AI(인공지능)> Python|인터넷·IT·통신·모바일·게임>빅데이터·AI(인공지능)>머신러닝|교육·교사·강사·교직원>교육·교재개발>교수설...
https://kr.indeed.com/viewjob?jk=96688eea9c1a9e28,Security Engineer (취약점 분석),서울 강남구,,"# 자격 요건 - 모의해킹 및 취약점 점검 경력이 있는 분 - 소스 코드 정적 취약점 점검에 능숙한 분 - Python, C, C++, JAVA 중 프로그래밍 언어에 능숙한 분 # 우대 사항 - 국내 또는 국외 버그 바운티..."
https://kr.indeed.com/viewjob?jk=69b1380f0d280394,스마트폰 어플리케이션 App 개발에 관심많은 전산팀원,서울 용산구,,경우 채용이 취소될 수 있습니다. 인터넷·IT·통신·모바일·게임>통신·모바일>스마트폰 어플리케이션(App)|인터넷·IT·통신·모바일·게임>웹프로그래머> Python|인터넷·IT·통신·모바일·게임>응용프로그래머>Android
https://kr.indeed.com/viewjob?jk=8d0063a33277f314,(분당/3200만이상)만도연구소 SW검증/테스트 연구원,성남 분당구,"연봉 30,000,000원 - 35,000,000원","퓨터공학 관련 전공자 C#, Python 등 사용 가능자 우대 MATLAB... 차무관)대학(2,3년)졸업 이상기계/전자/컴퓨터공학 관련 전공자C#, Python 등 사용 가능자 우대MATLAB 사용 경험자 우대OA활용 능력 우수..."
https://kr.indeed.com/viewjob?jk=741cc6ac364ea9be,Internal Infra Engineer,서울 강남구,,분 # 우대 사항 - Nutanix/VMWare 구축 운영 경험이 있으신 분 - Powershell 또는 Python 등을 사용한 시스템 관리 자동화 경험이 있으신 분 - 100명 이상 규모의 L3/L4 네트워크 관리 또는...
https://kr.indeed.com/viewjob?jk=241ae1e7499c461c,Security Engineer (모의해킹/취약점 점검),서울 강남구,,"그바운트 경험이 있는 분 - 해킹대회 우승 경력이 있는 분 - 다양한 플랫폼 보안 진단 경험이 있는 분 - Python, C, C++, C#, JAVA 중 프로그래밍 언어에 능숙 하신 분 # 현업 인터뷰 - 결제 산업의 미래..."
https://kr.indeed.com/viewjob?jk=8af26b37623864c4,8퍼센트 개발자 (신입/경력),서울 종로구,,개발 금융 데이터 분석과 분석 플랫폼 운영 자격요건 컴퓨터 전공자 또는 웹 개발 경력 1년 이상 우대사항 Python 코드를 무리 없이 읽으실 수 있는 분 Linux/Mac 사용 가능한 분 새로운 기술에 대한 호기심을 가지신...
https://kr.indeed.com/viewjob?jk=f5f5f902d240ac96,Data Scientist,서울 강남구,,"또는 실무 경험 5년 이상 갖춘 분 - 실제 서비스 데이터를 이용한 분석모델 개발 경험이 있는 분 - R, Python, Scala, SQL 등 데이터 분석의 업무를 수행할 수 있는 하나 이상의 개발 언어에 능숙한 분 #..."
https://kr.indeed.com/viewjob?jk=2ad85b06dc1bc1a4,Software Quality Engineer,서울,,"development process improvements Scripting experience with Python, Shell Scripts, Ruby. Preferences: Familiarity..."
https://kr.indeed.com/viewjob?jk=ce7849f8b35e1c3e,Technical Enablement Manager,서울,,"Kubernetes or Rancher etc.. Scripting languages like Python, Javascript, Ruby, Perl, Go, PHP, or Chef/Puppet etc.. Why You..."
https://kr.indeed.com/viewjob?jk=7ade77cb94b015df,춘천성심병원 인공지능센터 채용 공고,강원도 춘천,,데이터 구축 및 관리 데이터 수집 파이프라인 구축 및 표준화 데이터 분석 및 python 코딩 CDM 매핑 관련 업무 석사 학위 취득자 python 딥러닝 코딩 가능자 CDM 경험자 우대 서버관리 경험자 우대 계약직 2...
https://kr.indeed.com/viewjob?jk=9d2b8bb570d06c5e,[TmaxCloud/기술] QA 담당자,성남 분당구,,"사고자 - 클라우드 서비스에 대한 이해도 보유자 ProLinux QA 담당자 - 신입/경력 무관 - Python 사용 경험자 - 리눅스 및 유닉스 서버에 대한 지식 보유자 - 클라우드, VM, 컨테이너 기술에 대한 이해도..."
https://kr.indeed.com/viewjob?jk=3cf01580ba5eb23a,NLP Researcher,서울,,"Stacks [Back-end] Language: python, golang Python Framework: Django, Bottle [Front... Language: python, golang Python Framework..."
https://kr.indeed.com/viewjob?jk=dbe3257e487e5814,[AI/Lab] AI 백엔드 엔지니어 (전문연구요원 가능),서울,,"플랫폼 및 시스템 구축 이런 분을 찾습니다 주도적으로 문제를 찾고, 해결할 수 있는 능력을 보유하신 분 Python 사용 경험이 있으신 분 다음 항목 중 두 가지 이상에 해당되는 분 AWS 혹은 GCP와 같은 클라우드 플랫폼..."
https://kr.indeed.com/viewjob?jk=d8055c704bb31d85,Server Engineer (Engineering Foundation),서울 영등포구,,"대한 지식 및 판단을 토대로 뱅크샐러드 적용 가능성 제시 자격 요건 Golang/Java(Kotlin)/ Python 중 하나 이상을 이용한 서비스 설계 및 개발 경험 보유 CS Fundamental (자료 구조, 운영체제..."
https://kr.indeed.com/viewjob?jk=59db18a2366b2c92,AI 분야 박사,서울,,"이상 (AI 관련 논문 발표) ② AI/딥러닝 알고리즘 연구개발 프로젝트 경험 ③ Ubuntu Linux, Python, Tensorflow, PyTorch 사용 중상급 이상 우대사항(해당 내용 중 1개 이상) ① AI/머신..."
https://kr.indeed.com/viewjob?jk=eaee1538d8cc832f,메시지발송 플랫폼 개발자,성남 분당구,,"개발 가능하면서 python 개발 경험 소유자(또는 Python 개발 가능... NET 또는 python 개발 경력 5년이상 - 자동화를 위한 스크립트(powershell, bash, python 등) 경험 - Windows..."
https://kr.indeed.com/viewjob?jk=464ad076ec3e1fa0,CHC – Business intelligence - TOM_2136,서울,,"degree in related field Business-level experience with R, Python Experience owning the analytics and performance of a large..."
https://kr.indeed.com/viewjob?jk=806a082758707a8f,Application Engineer III - (E3),대한민국,,"trainer. 7. Direct experience of algorithm writing (e.g., R, Python... plus. 8. Travel to international locations at ~25..."
https://kr.indeed.com/viewjob?jk=0c09254fab96033b,[PUBG Revenue Analytics Team] Data Analy...,서울,,"소통 자격 요건 관련 경력 2년 이상 통계/수학/프로그래밍을 비롯한 quantitative 영역 전공자 Python, SQL 혹은 실무에서의 프로그래밍 언어 활용 경험 커뮤니케이션 능력이 좋으신 분 PUBG 게임을 좋아하..."
https://kr.indeed.com/viewjob?jk=281a2bdefadcf4f9,[KSTEC] RPA 시스템 개발 경력사원,성남 분당구,,통신·모바일·게임>웹프로그래머>JAVA|인터넷·IT·통신·모바일·게임>웹프로그래머>.NET|인터넷·IT·통신·모바일·게임>웹프로그래머> Python|인터넷·IT·통신·모바일·게임>웹프로그래머>HTML·DHTML·mHTML
https://kr.indeed.com/viewjob?jk=56add096e14a7879,AI 연구 및 개발 직군 모집,서울 구로구,,"위한 엔지니어링 - 서비스 개발을 위한 클라우드/ Rest-API / 웹서비스 구축 등 자격요건 - Python에 능숙하고 C/C++ , C#등 언어에 대한 활용능력 - 딥러닝 프레임워크 사용 가능 (Pytorch 혹은..."
https://kr.indeed.com/viewjob?jk=687b9e16f739c6bc,데이터 분석 및 컨설팅분야 (경력직),과천 과천시,,"데이터 분석 및 컨설팅 분야 ( Python, SAS, 빅데이터) 경력직... 데이터분석|인터넷·IT·통신·모바일·게임>빅데이터·AI(인공지능)> Python|인터넷·IT·통신·모바일·게임>빅데이터·AI(인공지능)>R|인터넷..."
https://kr.indeed.com/viewjob?jk=e90a62203eb6e390,Real World Evidence Science & Innovation...,서울,,"Experience in using statistical software (e.g., R, SAS, Python, SPSS... Stata), database query (SQL) or visualization..."
https://kr.indeed.com/viewjob?jk=a4015a0d112e9569,프론트엔드 정규직,서울 강남구,,"프론트 엔드 구현 - DB 구축 - 신규 기능 개발 및 반영, 지속적인 개선 및 유지 보수 자격 조건 - Python, Django - RDBMS 경험 - UI개발 경험 우대 사항 - 딥러닝에 관심있으신 분 - 단위 테스트..."
https://kr.indeed.com/viewjob?jk=e4e7e2e0d73f981f,Data Scientist,경기도 평택,,"Tools, and Techniques Demonstrated proficiency with R or Python, and SQL to manipulate data and draw insights from large..."
https://kr.indeed.com/viewjob?jk=afe92c03320fe1b3,카카오 광고 서비스 알고리즘 및 시스템 개발,성남 판교역,,"함께 하고 싶습니다. 지원자격(공통) 하나 이상의 프로그래밍 언어에 익숙한 분 (C/C++, Java, Python, Go, Scala 등) [알고리즘 개발 업무 관련 지원 경우] 데이터 마이닝 또는 머신러닝 지식/경험이..."
https://kr.indeed.com/viewjob?jk=f7c4d80e5f0626ee,Sr. Analytics Manager,서울,,"quantitative positions Proficiency with systems... SQL, Python... R' Strong analytical skills - ability to analyze..."
https://kr.indeed.com/viewjob?jk=4ec305f59ce64060,게임이상탐지 분석/개발,성남 분당구,,"기법 적용에 필요한 프로그래밍 능력 ( Python) - SQL 활용 능력... 대시보드 개발 능력 솔루션 개발자 - 한 가지 이상의 개발 언어( Python, Java, Scala)에 숙련된 프로그래밍 능력 - Linux..."
https://kr.indeed.com/viewjob?jk=db26147e9223e38a,[L'Oreal Korea] IT Business Analyst,,,"outcomes Proficiency in SQL Proficiency... least one of Python (preferred), Java, or C++ Strong understanding and hands..."
